"AB-10105","Adrian Barton","2026","10","14473.57","3","3","3"
"AG-10900","Arthur Gainer","2026","10","4510.8","3","3","3"
"AH-10210","Alan Hwang","2026","9","4805.34","3","3","3"
"AI-10855","Arianne Irving","2026","10","4375.79","3","3","3"
"AT-10735","Annie Thurman","2026","10","3831.86","3","3","3"
"BB-11545","Brenda Bowman","2026","9","6765.73","3","3","3"
"BD-11320","Bill Donatelli","2026","12","5718.52","3","3","3"
"BF-11170","Ben Ferrer","2026","13","8430.14","3","3","3"
"BM-11650","Brian Moss","2026","11","7294.19","3","3","3"
"BP-11185","Ben Peterman","2026","9","3675.86","3","3","3"
"CB-12025","Cassandra Brandow","2026","10","6076.14","3","3","3"
"CC-12220","Chris Cortes","2026","12","3913.42","3","3","3"
"CC-12430","Chuck Clark","2026","12","4606.95","3","3","3"
"CL-12565","Clay Ludtke","2026","12","10880.55","3","3","3"
"CS-12400","Christopher Schild","2026","9","3651.86","3","3","3"
"CT-11995","Carol Triggs","2026","11","4503.62","3","3","3"
"DK-13225","Dean Katz","2026","9","4802.39","3","3","3"
"DP-13390","Dennis Pardue","2026","9","5480.72","3","3","3"
"DR-12880","Dan Reichenbach","2026","9","6528.03","3","3","3"
"Dp-13240","Dean percer","2026","11","7198.76","3","3","3"
"EB-13705","Ed Braxton","2026","9","3644.98","3","3","3"
"EH-13765","Edward Hooks","2026","12","10310.88","3","3","3"
"EP-13915","Emily Phan","2026","17","5478.06","3","3","3"
"ES-14080","Erin Smith","2026","9","4657.92","3","3","3"
"FH-14275","Frank Hawley","2026","10","4256.27","3","3","3"
"FM-14290","Frank Merwin","2026","9","3736.2","3","3","3"
"GG-14650","Greg Guthrie","2026","11","8584.09","3","3","3"
"GK-14620","Grace Kelly","2026","9","6497.27","3","3","3"
"GT-14710","Greg Tran","2026","11","11820.12","3","3","3"
"GZ-14470","Gary Zandusky","2026","9","4355.15","3","3","3"
"HM-14860","Harry Marie","2026","10","8236.76","3","3","3"
"JE-15715","Joe Elijah","2026","12","10461.46","3","3","3"
"JE-15745","Joel Eaton","2026","13","6760.81","3","3","3"
"JG-15160","James Galang","2026","11","6366.39","3","3","3"
"JK-15640","Jim Kriz","2026","9","4760.43","3","3","3"
"JK-15730","Joe Kamberova","2026","10","4867.2","3","3","3"
"JL-15835","John Lee","2026","11","9799.92","3","3","3"
"JW-15220","Jane Waco","2026","10","8846.35","3","3","3"
"KD-16495","Keith Dawkins","2026","12","8181.26","3","3","3"
"KH-16630","Ken Heidel","2026","9","3918.97","3","3","3"
"KL-16645","Ken Lonsdale","2026","12","14175.23","3","3","3"
"KT-16480","Kean Thornton","2026","10","4642.09","3","3","3"
"LA-16780","Laura Armstrong","2026","11","8673.22","3","3","3"
"LC-16885","Lena Creighton","2026","12","7663.13","3","3","3"
"MA-17560","Matt Abelman","2026","11","4299.16","3","3","3"
"ME-17320","Maria Etezadi","2026","10","10663.73","3","3","3"
"MH-18115","Mick Hernandez","2026","9","5503.09","3","3","3"
"MM-17920","Michael Moore","2026","11","3794.08","3","3","3"
"MP-17965","Michael Paige","2026","11","4198.83","3","3","3"
"MP-18175","Mike Pelletier","2026","9","5087.92","3","3","3"
"MS-17365","Maribeth Schnelling","2026","10","7443.69","3","3","3"
"MY-18295","Muhammed Yedwab","2026","11","4152.7","3","3","3"
"ND-18370","Natalie DeCherney","2026","9","4326.14","3","3","3"
"NF-18595","Nicole Fjeld","2026","11","7003.07","3","3","3"
"PK-19075","Pete Kriz","2026","12","8646.93","3","3","3"
"PO-18850","Patrick O'Brill","2026","11","7473.83","3","3","3"
"PO-19180","Philisse Overcash","2026","9","4893.04","3","3","3"
"PP-18955","Paul Prost","2026","10","7252.61","3","3","3"
"QJ-19255","Quincy Jones","2026","9","6108.34","3","3","3"
"RA-19915","Russell Applegate","2026","9","4793.54","3","3","3"
"RB-19465","Rick Bensley","2026","12","4715.47","3","3","3"
"RP-19390","Resi Pölking","2026","12","5153.08","3","3","3"
"SA-20830","Sue Ann Reed","2026","10","4767.34","3","3","3"
"SC-20050","Sample Company A","2026","9","4624.57","3","3","3"
"SC-20095","Sanjit Chand","2026","9","14142.33","3","3","3"
"SC-20260","Scott Cohen","2026","12","3756.51","3","3","3"
"SC-20380","Shahid Collister","2026","9","5992.54","3","3","3"
"SC-20725","Steven Cartwright","2026","11","5226.21","3","3","3"
"SD-20485","Shirley Daniels","2026","9","6121.11","3","3","3"
"SE-20110","Sanjit Engle","2026","11","12209.44","3","3","3"
"SJ-20125","Sanjit Jacobs","2026","12","3949.66","3","3","3"
"SM-20950","Suzanne McNair","2026","14","5695.79","3","3","3"
"SP-20620","Stefania Perrino","2026","9","5440.32","3","3","3"
"SP-20860","Sung Pak","2026","10","4282.94","3","3","3"
"SV-20365","Seth Vernon","2026","10","11470.95","3","3","3"
"SV-20785","Stewart Visinsky","2026","9","4105.31","3","3","3"
"SZ-20035","Sam Zeldin","2026","11","3625.33","3","3","3"
"TB-21520","Tracy Blumstein","2026","9","4737.49","3","3","3"
"TP-21130","Theone Pippenger","2026","9","4454.06","3","3","3"
"VW-21775","Victoria Wilson","2026","10","6134.04","3","3","3"
"WB-21850","William Brown","2026","13","6327.27","3","3","3"
"ZC-21910","Zuschuss Carroll","2026","13","8025.71","3","3","3"
"AH-10690","Anna Häberlin","2025","12","7888.29","2","3","3"
"JD-15895","Jonathan Doherty","2025","11","7610.86","2","3","3"
"AA-10645","Anna Andreadi","2026","6","5086.94","3","2","3"
"AB-10060","Adam Bellavance","2026","8","7755.62","3","2","3"
"AC-10450","Amy Cox","2026","7","5527.85","3","2","3"
"AD-10180","Alan Dominguez","2026","8","6106.88","3","2","3"
"AJ-10780","Anthony Jacobs","2026","7","4867.34","3","2","3"
"AJ-10795","Anthony Johnson","2026","7","4501.39","3","2","3"
"AM-10705","Anne McFarland","2026","8","5664.02","3","2","3"
"AR-10540","Andy Reiter","2026","6","6608.45","3","2","3"
"AR-10825","Anthony Rawles","2026","8","4523.34","3","2","3"
"BD-11500","Bradley Drucker","2026","6","4411.24","3","2","3"
"BH-11710","Brosina Hoffman","2026","8","6255.35","3","2","3"
"BW-11110","Bart Watters","2026","8","4750.36","3","2","3"
"CA-11965","Carol Adams","2026","6","3789.72","3","2","3"
"CB-12535","Claudia Bergmann","2026","8","4246.46","3","2","3"
"CJ-12010","Caroline Jumper","2026","8","11164.97","3","2","3"
"CM-12655","Corinna Mitchell","2026","6","6339.56","3","2","3"
"CP-12085","Cathy Prescott","2026","8","5402.25","3","2","3"
"CP-12340","Christine Phan","2026","8","5888.27","3","2","3"
"CS-12505","Cindy Stewart","2026","6","5690.05","3","2","3"
"DB-13060","Dave Brooks","2026","7","4531.65","3","2","3"
"DB-13270","Deborah Brumfield","2026","8","4655.9","3","2","3"
"DB-13405","Denny Blanton","2026","8","3674.68","3","2","3"
"DB-13555","Dorothy Badders","2026","7","3908.8","3","2","3"
"DH-13075","Dave Hallsten","2026","6","4932.87","3","2","3"
"DL-13495","Dionis Lloyd","2026","8","3539.32","3","2","3"
"DM-13015","Darrin Martin","2026","7","6345.1","3","2","3"
"DM-13345","Denise Monton","2026","8","4074.47","3","2","3"
"DR-12940","Daniel Raglin","2026","8","8350.87","3","2","3"
"EM-14140","Eugene Moren","2026","6","4588.44","3","2","3"
"FC-14335","Fred Chung","2026","7","3889.37","3","2","3"
"FH-14365","Fred Hopkins","2026","8","6987.2","3","2","3"
"FP-14320","Frank Preis","2026","8","4046.75","3","2","3"
"GA-14515","George Ashbrook","2026","8","3919.78","3","2","3"
"GM-14440","Gary McGarr","2026","7","3582.82","3","2","3"
"HG-15025","Hunter Glantz","2026","7","3690.28","3","2","3"
"HK-14890","Heather Kirkland","2026","8","4877.78","3","2","3"
"HL-15040","Hunter Lopez","2026","6","12873.3","3","2","3"
"HR-14830","Harold Ryan","2026","7","5248.79","3","2","3"
"HW-14935","Helen Wasserman","2026","8","9300.25","3","2","3"
"IL-15100","Ivan Liston","2026","7","5040.74","3","2","3"
"JA-15970","Joseph Airdo","2026","8","6491.03","3","2","3"
"JD-16150","Justin Deggeller","2026","8","8828.03","3","2","3"
"JE-15610","Jim Epp","2026","7","7754.98","3","2","3"
"JF-15565","Jill Fjeld","2026","8","4198.33","3","2","3"
"JH-15985","Joseph Holt","2026","6","7955","3","2","3"
"JK-15625","Jim Karlsson","2026","7","3760.03","3","2","3"
"JM-15865","John Murray","2026","7","7625.08","3","2","3"
"JP-15520","Jeremy Pistek","2026","7","3635.59","3","2","3"
"KF-16285","Karen Ferguson","2026","7","10604.27","3","2","3"
"KH-16510","Keith Herrera","2026","7","5952.86","3","2","3"
"KH-16690","Kristen Hastings","2026","7","5990.8","3","2","3"
"KL-16555","Kelly Lampkin","2026","8","5016.49","3","2","3"
"KM-16375","Katherine Murray","2026","8","5620.19","3","2","3"
"KM-16720","Kunst Miller","2026","8","4909.47","3","2","3"
"LB-16795","Laurel Beltran","2026","8","4985.68","3","2","3"
"LC-16930","Linda Cazamias","2026","8","4492.95","3","2","3"
"LF-17185","Luke Foster","2026","7","3930.51","3","2","3"
"LP-17095","Liz Preis","2026","7","3653.4","3","2","3"
"LR-16915","Lena Radford","2026","6","5142.89","3","2","3"
"LW-17215","Luke Weiss","2026","7","5420.51","3","2","3"
"MC-17845","Michael Chen","2026","7","3805.71","3","2","3"
"MD-17350","Maribeth Dona","2026","7","3766.38","3","2","3"
"MG-17650","Matthew Grinstein","2026","7","3785.28","3","2","3"
"MJ-17740","Max Jones","2026","7","6320.75","3","2","3"
"MW-18220","Mitch Webber","2026","7","5341.9","3","2","3"
"NC-18535","Nick Crebassa","2026","7","8241.74","3","2","3"
"NF-18385","Natalie Fritzler","2026","7","8322.83","3","2","3"
"NM-18445","Nathan Mautz","2026","7","6459.34","3","2","3"
"NP-18325","Naresj Patel","2026","6","5529.62","3","2","3"
"NP-18700","Nora Preis","2026","7","7903.18","3","2","3"
"NW-18400","Natalie Webber","2026","7","7234.01","3","2","3"
"PS-19045","Penelope Sewall","2026","7","6843.63","3","2","3"
"RA-19885","Ruben Ausman","2026","7","3832.31","3","2","3"
"RB-19360","Raymond Buch","2026","6","15117.34","3","2","3"
"RB-19795","Ross Baird","2026","8","5633.32","3","2","3"
"RD-19480","Rick Duston","2026","8","4272.93","3","2","3"
"RL-19615","Rob Lucas","2026","8","6234.91","3","2","3"
"RO-19780","Rose O'Brian","2026","7","3815.48","3","2","3"
"RS-19765","Roland Schwarz","2026","8","4159.77","3","2","3"
"RW-19540","Rick Wilson","2026","7","7397.4","3","2","3"
"SB-20185","Sarah Brown","2026","6","6411","3","2","3"
"SB-20290","Sean Braxton","2026","7","8057.89","3","2","3"
"SC-20305","Sean Christensen","2026","7","3979.07","3","2","3"
"SC-20770","Stewart Carmichael","2026","7","4492.66","3","2","3"
"SP-20920","Susan Pistek","2026","6","3990.69","3","2","3"
"SR-20740","Steven Roelle","2026","8","4345.89","3","2","3"
"TB-21400","Tom Boeckenhauer","2026","7","9133.99","3","2","3"
"TC-21295","Toby Carlisle","2026","8","4266.81","3","2","3"
"TH-21550","Tracy Hopkins","2026","7","4234.1","3","2","3"
"TS-21205","Thomas Seio","2026","7","5371.09","3","2","3"
"TS-21370","Todd Sumrall","2026","6","11891.75","3","2","3"
"TT-21070","Ted Trevino","2026","7","4915.6","3","2","3"
"TT-21460","Tonja Turnell","2026","7","5364.81","3","2","3"
"TW-21025","Tamara Willingham","2026","7","5278.83","3","2","3"
"YS-21880","Yana Sorensen","2026","8","6720.44","3","2","3"
"IM-15070","Irene Maddox","2025","7","4930.47","2","2","3"
"PW-19240","Pierre Wener","2025","7","3922.41","2","2","3"
"RH-19510","Rick Huthwaite","2025","6","6979.18","2","2","3"
"VD-21670","Valerie Dominguez","2025","6","6442.25","2","2","3"
"AA-10315","Alex Avila","2026","5","5563.56","3","1","3"
"AS-10225","Alan Schoenberger","2026","5","4260.78","3","1","3"
"BE-11335","Bill Eplett","2026","5","4204.68","3","1","3"
"BM-11140","Becky Martin","2026","4","11789.63","3","1","3"
"BS-11380","Bill Stewart","2026","5","3887.83","3","1","3"
"CC-12370","Christopher Conant","2026","5","12129.07","3","1","3"
"CM-12385","Christopher Martinez","2026","4","8954.02","3","1","3"
"DK-12895","Dana Kaydos","2026","5","4282.18","3","1","3"
"DW-13480","Dianna Wilson","2026","5","5271.63","3","1","3"
"EB-13840","Ellis Ballard","2026","5","4358.13","3","1","3"
"ES-14020","Erica Smith","2026","5","3510.46","3","1","3"
"GB-14575","Giulietta Baptist","2026","5","4716.29","3","1","3"
"GH-14425","Gary Hwang","2026","4","4172.85","3","1","3"
"GM-14695","Greg Maxwell","2026","3","6049.97","3","1","3"
"GT-14635","Grant Thornton","2026","3","9351.21","3","1","3"
"JK-15205","Jamie Kunitz","2026","5","4427.14","3","1","3"
"JK-16090","Juliana Krohn","2026","3","3747.67","3","1","3"
"KC-16540","Kelly Collister","2026","4","3908.26","3","1","3"
"KW-16435","Katrina Willman","2026","5","4416.52","3","1","3"
"MW-18235","Mitch Willingham","2026","2","5253.88","3","1","3"
"NP-18670","Nora Paige","2026","5","3908.4","3","1","3"
"OT-18730","Olvera Toch","2026","5","3818.62","3","1","3"
"PM-19135","Peter McVee","2026","4","4115.66","3","1","3"
"RH-19495","Rick Hansen","2026","5","3621.38","3","1","3"
"RM-19675","Robert Marley","2026","5","5979.1","3","1","3"
"SC-20230","Scot Coram","2026","4","4371.96","3","1","3"
"SM-20320","Sean Miller","2026","5","25043.05","3","1","3"
"TA-21385","Tom Ashbrook","2026","4","14595.62","3","1","3"
"TB-21175","Thomas Boland","2026","4","3589.3","3","1","3"
"TP-21415","Tom Prescott","2026","5","5329","3","1","3"
"YC-21895","Yoseph Carroll","2026","5","5454.35","3","1","3"
"BS-11365","Bill Shonely","2025","5","10501.65","2","1","3"
"JS-15880","John Stevenson","2025","5","3868.02","2","1","3"
"KD-16270","Karen Daniels","2025","5","8282.36","2","1","3"
"MC-17425","Mark Cousins","2025","5","4432.14","2","1","3"
"TC-20980","Tamara Chand","2025","5","19052.22","2","1","3"
"CM-12715","Craig Molinari","2024","4","3984.45","1","1","3"
"PF-19120","Peter Fuller","2024","4","9062.86","1","1","3"
"AG-10270","Alejandro Grove","2026","9","2720.39","3","3","2"
"AH-10075","Adam Hart","2026","10","3250.34","3","3","2"
"AP-10915","Arthur Prichep","2026","10","3323.56","3","3","2"
"AS-10090","Adam Shillingsburg","2026","9","3255.31","3","3","2"
"BC-11125","Becky Castell","2026","9","2933.68","3","3","2"
"BD-11605","Brian Dahlen","2026","9","3332.87","3","3","2"
"BP-11095","Bart Pistole","2026","14","3350.87","3","3","2"
"CA-12265","Christina Anderson","2026","9","2648.29","3","3","2"
"CK-12205","Chloris Kastensmidt","2026","13","3154.86","3","3","2"
"CK-12595","Clytie Kelty","2026","11","2372.75","3","3","2"
"CS-11950","Carlos Soltero","2026","11","3036.55","3","3","2"
"CS-12250","Chris Selesnick","2026","12","2754.22","3","3","2"
"CS-12355","Christine Sundaresam","2026","11","3202.16","3","3","2"
"CV-12805","Cynthia Voltz","2026","9","2370.31","3","3","2"
"DB-13210","Dean Braden","2026","10","2332.58","3","3","2"
"DC-12850","Dan Campbell","2026","9","3336.17","3","3","2"
"DK-12835","Damala Kotsonis","2026","12","3256.48","3","3","2"
"DO-13645","Doug O'Connell","2026","9","2043.3","3","3","2"
"DS-13180","David Smith","2026","9","2881.81","3","3","2"
"EA-14035","Erin Ashbrook","2026","13","2846.7","3","3","2"
"EB-13750","Edward Becker","2026","10","3236.31","3","3","2"
"EB-13870","Emily Burns","2026","10","2767.22","3","3","2"
"EH-14125","Eugene Hildebrand","2026","14","3143.48","3","3","2"
"FG-14260","Frank Gastineau","2026","11","2124.78","3","3","2"
"FM-14215","Filia McAdams","2026","10","2456.64","3","3","2"
"FM-14380","Fred McMath","2026","11","2732","3","3","2"
"FO-14305","Frank Olsen","2026","10","2678.44","3","3","2"
"GH-14410","Gary Hansen","2026","9","2819.47","3","3","2"
"HG-14965","Henry Goldwyn","2026","12","3247.64","3","3","2"
"JB-15400","Jennifer Braxton","2026","12","1830.49","3","3","2"
"JC-15775","John Castell","2026","9","2772.05","3","3","2"
"JK-16120","Julie Kriz","2026","10","2932.48","3","3","2"
"JM-15535","Jessica Myrick","2026","9","2070.06","3","3","2"
"JM-16195","Justin MacKendrick","2026","10","2833.93","3","3","2"
"JO-15145","Jack O'Briant","2026","9","3254.95","3","3","2"
"KB-16585","Ken Black","2026","12","2744.74","3","3","2"
"KN-16390","Katherine Nockton","2026","9","2617.27","3","3","2"
"LC-17140","Logan Currie","2026","9","2633.58","3","3","2"
"LH-16900","Lena Hernandez","2026","9","2295.33","3","3","2"
"LS-16975","Lindsay Shagiari","2026","9","2988.67","3","3","2"
"MC-18100","Mick Crebagga","2026","10","2218.98","3","3","2"
"ML-17395","Marina Lichtenstein","2026","9","2722.84","3","3","2"
"MS-17770","Maxwell Schwartz","2026","9","3144.68","3","3","2"
"NB-18655","Nona Balk","2026","9","1972.6","3","3","2"
"NM-18520","Neoma Murray","2026","10","2161.98","3","3","2"
"NS-18640","Noel Staavos","2026","13","2964.82","3","3","2"
"NZ-18565","Nick Zandusky","2026","9","2488.31","3","3","2"
"PG-18820","Patrick Gardner","2026","13","3086.91","3","3","2"
"PG-18895","Paul Gonzalez","2026","9","1987.16","3","3","2"
"PW-19030","Pauline Webber","2026","10","3454.92","3","3","2"
"RA-19285","Ralph Arnett","2026","9","2617.91","3","3","2"
"RD-19585","Rob Dowd","2026","10","2912.89","3","3","2"
"RD-19900","Ruben Dartt","2026","9","3133.92","3","3","2"
"RW-19630","Rob Williams","2026","9","3279.75","3","3","2"
"SC-20695","Steve Chapman","2026","10","2576.41","3","3","2"
"SF-20200","Sarah Foster","2026","9","3422.79","3","3","2"
"SF-20965","Sylvia Foulston","2026","9","3336.54","3","3","2"
"SH-19975","Sally Hughsby","2026","13","3406.84","3","3","2"
"SH-20395","Shahid Hopkins","2026","10","2180.72","3","3","2"
"TB-21625","Trudy Brown","2026","9","2797.67","3","3","2"
"XP-21865","Xylona Preis","2026","13","2503.16","3","3","2"
"SP-20650","Stephanie Phelps","2025","9","1872.44","2","3","2"
"AF-10870","Art Ferguson","2026","7","2052.91","3","2","2"
"AG-10495","Andrew Gjertsen","2026","8","2356.86","3","2","2"
"AG-10675","Anna Gayman","2026","7","3489.04","3","2","2"
"AJ-10945","Ashley Jarboe","2026","7","1839.24","3","2","2"
"AS-10045","Aaron Smayling","2026","7","3050.69","3","2","2"
"AS-10285","Alejandro Savely","2026","6","3214.24","3","2","2"
"AW-10930","Arthur Wiediger","2026","7","2852.97","3","2","2"
"BF-11020","Barry Französisch","2026","8","2888.51","3","2","2"
"BG-11035","Barry Gonzalez","2026","8","2798.95","3","2","2"
"BG-11695","Brooke Gillingham","2026","6","1874.17","3","2","2"
"BP-11290","Beth Paige","2026","7","2475.16","3","2","2"
"BS-11590","Brendan Sweed","2026","6","2454.93","3","2","2"
"BS-11755","Bruce Stewart","2026","7","2562.38","3","2","2"
"BT-11395","Bill Tyler","2026","6","2186.61","3","2","2"
"BT-11680","Brian Thompson","2026","7","3196.75","3","2","2"
"CA-12775","Cynthia Arntzen","2026","7","3041.57","3","2","2"
"CB-12415","Christy Brittain","2026","8","1949.2","3","2","2"
"CC-12145","Charles Crestani","2026","7","2471.65","3","2","2"
"CC-12610","Corey Catlett","2026","7","2540.63","3","2","2"
"CC-12670","Craig Carreira","2026","7","2269.7","3","2","2"
"CM-12160","Charles McCrossin","2026","6","2533.31","3","2","2"
"CY-12745","Craig Yedwab","2026","8","2900.03","3","2","2"
"DB-12910","Daniel Byrd","2026","8","2171.6","3","2","2"
"DB-13120","David Bremer","2026","7","2973.09","3","2","2"
"DB-13615","Doug Bickford","2026","7","1989.05","3","2","2"
"DJ-13510","Don Jones","2026","8","2501.69","3","2","2"
"DK-13090","Dave Kipp","2026","7","2650.56","3","2","2"
"DK-13375","Dennis Kane","2026","8","3318.49","3","2","2"
"DL-12925","Daniel Lacy","2026","6","3272.2","3","2","2"
"DN-13690","Duane Noonan","2026","7","2139.79","3","2","2"
"DP-13105","Dave Poirier","2026","8","2215","3","2","2"
"DV-13465","Dianna Vittorini","2026","6","3341.59","3","2","2"
"EB-14110","Eugene Barchas","2026","6","3071.13","3","2","2"
"ED-13885","Emily Ducich","2026","8","3484.92","3","2","2"
"EM-13825","Elizabeth Moffitt","2026","8","2339.6","3","2","2"
"FA-14230","Frank Atkinson","2026","7","2984.05","3","2","2"
"FC-14245","Frank Carlisle","2026","7","3418.74","3","2","2"
"GM-14455","Gary Mitchum","2026","6","3078.62","3","2","2"
"GM-14680","Greg Matthias","2026","6","3163.63","3","2","2"
"GW-14605","Giulietta Weimer","2026","7","2189.02","3","2","2"
"GZ-14545","George Zrebassa","2026","8","2529.11","3","2","2"
"HA-14905","Helen Abelman","2026","7","2163.3","3","2","2"
"HA-14920","Helen Andreada","2026","8","2584.16","3","2","2"
"HF-14995","Herbert Flentye","2026","7","2533.16","3","2","2"
"HP-14815","Harold Pawlan","2026","7","1990.31","3","2","2"
"JF-15190","Jamie Frazer","2026","7","2279.59","3","2","2"
"JF-15355","Jay Fein","2026","6","1911.84","3","2","2"
"JF-15415","Jennifer Ferguson","2026","6","2371.45","3","2","2"
"JG-15310","Jason Gross","2026","6","2240.58","3","2","2"
"JK-15370","Jay Kimmel","2026","8","2709.63","3","2","2"
"JL-15505","Jeremy Lonsdale","2026","6","3173.87","3","2","2"
"JM-15250","Janet Martin","2026","6","3159.12","3","2","2"
"JO-15280","Jas O'Carroll","2026","6","1934.27","3","2","2"
"JS-16030","Joy Smith","2026","6","2516.49","3","2","2"
"KB-16240","Karen Bern","2026","7","3152.61","3","2","2"
"KD-16345","Katherine Ducich","2026","6","1888.96","3","2","2"
"KH-16330","Katharine Harms","2026","8","3312.86","3","2","2"
"KH-16360","Katherine Hughes","2026","6","3100.61","3","2","2"
"KM-16225","Kalyca Meade","2026","6","2260.96","3","2","2"
"KN-16705","Kristina Nunn","2026","8","2280.58","3","2","2"
"LC-16870","Lena Cacioppo","2026","8","2580.7","3","2","2"
"LL-16840","Lauren Leatherbury","2026","6","2741.2","3","2","2"
"LS-16945","Linda Southworth","2026","6","2845.27","3","2","2"
"LT-17110","Liz Thompson","2026","8","2936.25","3","2","2"
"LW-16990","Lindsay Williams","2026","6","3230.31","3","2","2"
"MA-17995","Michelle Arnett","2026","6","2453.28","3","2","2"
"MC-17275","Marc Crier","2026","8","2725.98","3","2","2"
"MC-17590","Matt Collister","2026","6","2426.07","3","2","2"
"MC-17605","Matt Connell","2026","8","2258.19","3","2","2"
"ME-17725","Max Engle","2026","8","1908.45","3","2","2"
"MH-17290","Marc Harrigan","2026","6","2394.03","3","2","2"
"MH-17455","Mark Hamilton","2026","8","2456.18","3","2","2"
"MH-17785","Maya Herman","2026","7","2203.78","3","2","2"
"MK-17905","Michael Kennedy","2026","8","2302.37","3","2","2"
"ML-17410","Maris LaWare","2026","6","2921.5","3","2","2"
"ML-17755","Max Ludwig","2026","7","2071.91","3","2","2"
"MM-18055","Michelle Moray","2026","8","2749.88","3","2","2"
"MN-17935","Michael Nguyen","2026","6","2477.95","3","2","2"
"MT-17815","Meg Tillman","2026","6","2890.14","3","2","2"
"MY-17380","Maribeth Yedwab","2026","7","2254.28","3","2","2"
"MZ-17515","Mary Zewe","2026","6","2564.91","3","2","2"
"NC-18415","Nathan Cano","2026","6","2218.99","3","2","2"
"ND-18460","Neil Ducich","2026","6","2893.45","3","2","2"
"NH-18610","Nicole Hansen","2026","7","2673.29","3","2","2"
"PF-19165","Philip Fox","2026","6","2770","3","2","2"
"PJ-19015","Pauline Johnson","2026","7","1824.23","3","2","2"
"PO-18865","Patrick O'Donnell","2026","7","2493.21","3","2","2"
"PS-18760","Pamela Stobb","2026","6","2181.48","3","2","2"
"RB-19435","Richard Bierner","2026","8","2663.09","3","2","2"
"RF-19735","Roland Fjeld","2026","7","2341.3","3","2","2"
"RP-19855","Roy Phan","2026","8","2170.72","3","2","2"
"RR-19525","Rick Reed","2026","6","3302.26","3","2","2"
"SC-20440","Shaun Chance","2026","7","1875","3","2","2"
"SG-20470","Sheri Gordon","2026","8","1884.8","3","2","2"
"SG-20605","Speros Goranitis","2026","6","3124.83","3","2","2"
"SL-20155","Sara Luxemburg","2026","7","3053.01","3","2","2"
"SN-20560","Skye Norling","2026","6","1860.42","3","2","2"
"SN-20710","Steve Nguyen","2026","7","3127.96","3","2","2"
"SO-20335","Sean O'Donnell","2026","6","2602.58","3","2","2"
"SS-20410","Shahid Shariari","2026","6","3056.81","3","2","2"
"SU-20665","Stephanie Ulpright","2026","7","2595.36","3","2","2"
"SV-20935","Susan Vittorini","2026","8","1903.49","3","2","2"
"SW-20275","Scott Williamson","2026","6","1966.65","3","2","2"
"SW-20455","Shaun Weien","2026","7","2921.54","3","2","2"
"TM-21010","Tamara Manning","2026","8","2955.23","3","2","2"
"TN-21040","Tanja Norvell","2026","7","3130.22","3","2","2"
"TS-21505","Tony Sayre","2026","6","2243.27","3","2","2"
"TS-21610","Troy Staebel","2026","7","2820.42","3","2","2"
"TZ-21580","Tracy Zic","2026","8","2234.95","3","2","2"
"VB-21745","Victoria Brennan","2026","6","2005.6","3","2","2"
"VM-21685","Valerie Mitchum","2026","7","2454.87","3","2","2"
"VP-21760","Victoria Pisteka","2026","7","3360.53","3","2","2"
"CC-12100","Chad Cunningham","2025","6","1770.94","2","2","2"
"JL-15850","John Lucas","2025","6","2725.26","2","2","2"
"KC-16255","Karen Carlisle","2025","6","2120.95","2","2","2"
"KT-16465","Kean Takahito","2025","7","3057.1","2","2","2"
"MP-17470","Mark Packer","2025","7","3206.13","2","2","2"
"RF-19345","Randy Ferguson","2025","8","3309.15","2","2","2"
"TB-21280","Toby Braunhardt","2025","6","2198.45","2","2","2"
"TS-21160","Theresa Swint","2025","6","2163.62","2","2","2"
"AA-10480","Andrew Allen","2026","4","1790.51","3","1","2"
"AC-10615","Ann Chong","2026","5","2537.69","3","1","2"
"AH-10465","Amy Hunt","2026","5","2495.39","3","1","2"
"AR-10405","Allen Rosenblatt","2026","5","2236.13","3","1","2"
"BE-11410","Bobby Elias","2026","5","2261.44","3","1","2"
"BO-11350","Bill Overfelt","2026","5","2682.73","3","1","2"
"BT-11305","Beth Thompson","2026","5","2567.66","3","1","2"
"BT-11530","Bradley Talbott","2026","5","2684.49","3","1","2"
"CD-11920","Carlos Daly","2026","5","2033.97","3","1","2"
"CK-12325","Christine Kargatis","2026","5","2945.32","3","1","2"
"CL-12700","Craig Leslie","2026","5","2353.59","3","1","2"
"CR-12580","Clay Rozendal","2026","4","2148.85","3","1","2"
"CV-12295","Christina VanderZanden","2026","5","2830.63","3","1","2"
"DB-12970","Darren Budd","2026","5","2839.23","3","1","2"
"DG-13300","Deirdre Greer","2026","5","3195.82","3","1","2"
"DJ-13630","Doug Jacobs","2026","3","3356.4","3","1","2"
"DS-13030","Darrin Sayre","2026","4","1762.21","3","1","2"
"EG-13900","Emily Grady","2026","5","1832.02","3","1","2"
"EJ-13720","Ed Jacobs","2026","4","2162.17","3","1","2"
"EJ-14155","Eva Jacobs","2026","5","2656.69","3","1","2"
"EM-13810","Eleni McCrary","2026","5","2567.01","3","1","2"
"EN-13780","Edward Nazzal","2026","4","2199.37","3","1","2"
"FH-14350","Fred Harton","2026","4","2271.28","3","1","2"
"GD-14590","Giulietta Dortch","2026","4","1888.07","3","1","2"
"JB-16045","Julia Barnett","2026","5","2518.12","3","1","2"
"JD-15790","John Dryer","2026","5","2152.35","3","1","2"
"JE-16165","Justin Ellison","2026","3","2697.25","3","1","2"
"JL-15235","Janet Lee","2026","5","2203.7","3","1","2"
"JM-15265","Janet Molinari","2026","5","1804.15","3","1","2"
"JR-16210","Justin Ritter","2026","5","2201.69","3","1","2"
"KD-16615","Ken Dana","2026","5","2243.51","3","1","2"
"KN-16450","Kean Nguyen","2026","5","2171.96","3","1","2"
"LC-17050","Liz Carlisle","2026","5","2095.06","3","1","2"
"LR-17035","Lisa Ryan","2026","5","1879.31","3","1","2"
"LW-16825","Laurel Workman","2026","5","2238.06","3","1","2"
"MF-18250","Monica Federle","2026","5","1758.3","3","1","2"
"MG-17680","Maureen Gastineau","2026","4","2350.19","3","1","2"
"MG-18145","Mike Gockenbach","2026","4","3061.54","3","1","2"
"MH-18025","Michelle Huthwaite","2026","5","2984.95","3","1","2"
"NC-18340","Nat Carroll","2026","5","2461.4","3","1","2"
"NC-18625","Noah Childs","2026","5","1821.74","3","1","2"
"NG-18355","Nat Gilpin","2026","5","1869.58","3","1","2"
"NR-18550","Nick Radford","2026","5","2367.28","3","1","2"
"NS-18505","Neola Schneider","2026","4","2575.86","3","1","2"
"PC-18745","Pamela Coakley","2026","4","1832.06","3","1","2"
"PF-19225","Phillip Flathmann","2026","5","2206.13","3","1","2"
"PR-18880","Patrick Ryan","2026","5","1840.18","3","1","2"
"PV-18985","Paul Van Hugh","2026","5","2876.05","3","1","2"
"RB-19705","Roger Barcio","2026","4","2067.45","3","1","2"
"RD-19660","Robert Dilbeck","2026","5","2786.63","3","1","2"
"RS-19420","Ricardo Sperren","2026","5","3221.29","3","1","2"
"RW-19690","Robert Waldorf","2026","5","3495.65","3","1","2"
"SG-20080","Sandra Glassco","2026","3","3406.58","3","1","2"
"SR-20425","Sharelle Roach","2026","5","3233.48","3","1","2"
"TG-21310","Toby Gnade","2026","5","3058.37","3","1","2"
"TG-21640","Trudy Glocke","2026","4","2074.66","3","1","2"
"TH-21100","Thea Hendricks","2026","5","2422.82","3","1","2"
"TH-21115","Thea Hudgings","2026","4","2942.77","3","1","2"
"TP-21565","Tracy Poddar","2026","4","1936.64","3","1","2"
"TS-21430","Tom Stivers","2026","5","2054.14","3","1","2"
"TS-21655","Trudy Schmidt","2026","5","3368.09","3","1","2"
"BS-11665","Brian Stugart","2025","3","3288.11","2","1","2"
"CD-12790","Cynthia Delaney","2025","5","1860.73","2","1","2"
"CM-12235","Chris McAfee","2025","5","2305.71","2","1","2"
"DE-13255","Deanra Eno","2025","5","2550.87","2","1","2"
"DF-13135","David Flashing","2025","3","2390.53","2","1","2"
"DJ-13420","Denny Joy","2025","4","2012.52","2","1","2"
"IM-15055","Ionia McGrath","2025","3","2872.63","2","1","2"
"JH-16180","Justin Hirsh","2025","4","2256.39","2","1","2"
"LC-16960","Lindsay Castell","2025","4","3246.63","2","1","2"
"LD-17005","Lisa DeCherney","2025","4","1961.93","2","1","2"
"RH-19600","Rob Haberlin","2025","3","2085.74","2","1","2"
"CC-12685","Craig Carroll","2024","4","2854.12","1","1","2"
"JG-15115","Jack Garza","2024","3","2358.68","1","1","2"
"SC-20020","Sam Craven","2024","5","3362.96","1","1","2"
"SH-20635","Stefanie Holloman","2024","2","2096.39","1","1","2"
"AA-10375","Allen Armold","2026","9","1056.39","3","3","1"
"AB-10165","Alan Barnes","2026","10","1215.02","3","3","1"
"AB-10255","Alejandro Ballentine","2026","9","914.53","3","3","1"
"BM-11785","Bryan Mills","2026","10","1338.84","3","3","1"
"CC-12475","Cindy Chapman","2026","9","1659.44","3","3","1"
"CK-12760","Cyma Kinney","2026","9","1582.11","3","3","1"
"DO-13435","Denny Ordway","2026","9","1300.03","3","3","1"
"DP-13000","Darren Powers","2026","9","1050.64","3","3","1"
"GA-14725","Guy Armstrong","2026","11","1398.38","3","3","1"
"GB-14530","George Bell","2026","11","1568.44","3","3","1"
"GM-14500","Gene McClure","2026","10","1255.68","3","3","1"
"JF-15490","Jeremy Farry","2026","11","1082.92","3","3","1"
"JP-16135","Julie Prescott","2026","9","1707.71","3","3","1"
"KB-16315","Karl Braun","2026","9","1569.46","3","3","1"
"MB-17305","Maria Bertelson","2026","10","1548.7","3","3","1"
"MG-17890","Michael Granlund","2026","9","776.38","3","3","1"
"MM-18280","Muhammed MacIntyre","2026","9","775.41","3","3","1"
"MV-17485","Mark Van Huff","2026","9","1560.05","3","3","1"
"RD-19720","Roger Demir","2026","10","1419.74","3","3","1"
"TC-21475","Tony Chapman","2026","9","1244.98","3","3","1"
"TD-20995","Tamara Dahlen","2026","9","1434.55","3","3","1"
"LH-17155","Logan Haushalter","2025","9","1739.69","2","3","1"
"ON-18715","Odella Nelson","2025","9","1567.52","2","3","1"
"AH-10030","Aaron Hawkins","2026","7","1744.7","3","2","1"
"AH-10120","Adrian Hane","2026","7","1735.51","3","2","1"
"AP-10720","Anne Pryor","2026","8","1638.55","3","2","1"
"AR-10345","Alex Russell","2026","6","1073.35","3","2","1"
"AS-10240","Alan Shonely","2026","7","584.61","3","2","1"
"AS-10630","Ann Steele","2026","7","833.4","3","2","1"
"AT-10435","Alyssa Tate","2026","6","1171.81","3","2","1"
"AZ-10750","Annie Zypern","2026","6","1622.02","3","2","1"
"BD-11620","Brian DeCherney","2026","6","1538.11","3","2","1"
"BD-11725","Bruce Degenhardt","2026","6","1526.5","3","2","1"
"BD-11770","Bryan Davis","2026","6","658.47","3","2","1"
"BE-11455","Brad Eason","2026","6","1727.65","3","2","1"
"BF-10975","Barbara Fisher","2026","7","599.8","3","2","1"
"BG-11740","Bruce Geld","2026","6","1006.36","3","2","1"
"BK-11260","Berenike Kampe","2026","6","659.14","3","2","1"
"BM-11575","Brendan Murry","2026","6","808.16","3","2","1"
"BP-11155","Becky Pak","2026","6","1697.86","3","2","1"
"BW-11200","Ben Wallace","2026","6","1738.41","3","2","1"
"CG-12040","Catherine Glotzbach","2026","6","904.47","3","2","1"
"CM-11815","Candace McMahon","2026","6","1673.89","3","2","1"
"CM-12190","Charlotte Melton","2026","6","1475.14","3","2","1"
"CS-11860","Cari Schnelling","2026","6","537.63","3","2","1"
"CW-11905","Carl Weiss","2026","6","1136.59","3","2","1"
"DB-13660","Duane Benoit","2026","7","1155.2","3","2","1"
"DD-13570","Dorothy Dickinson","2026","6","269.54","3","2","1"
"DL-12865","Dan Lawera","2026","8","1503.11","3","2","1"
"DL-13315","Delfina Latchford","2026","8","1458.26","3","2","1"
"DM-12955","Dario Medina","2026","7","1322.03","3","2","1"
"DW-13195","David Wiener","2026","6","1080.75","3","2","1"
"DW-13585","Dorothy Wardle","2026","7","1204.85","3","2","1"
"EB-14170","Evan Bailliet","2026","6","1186.33","3","2","1"
"EH-13945","Eric Hoffmann","2026","8","684.17","3","2","1"
"EH-14005","Erica Hernandez","2026","7","1219.53","3","2","1"
"EH-14185","Evan Henry","2026","6","923.88","3","2","1"
"JB-16000","Joy Bell-","2026","7","644.12","3","2","1"
"JD-16015","Joy Daniels","2026","6","385.43","3","2","1"
"JE-15475","Jeremy Ellison","2026","6","1388.68","3","2","1"
"JG-15805","John Grady","2026","6","1507.02","3","2","1"
"JH-15820","John Huston","2026","6","528.91","3","2","1"
"JH-15910","Jonathan Howell","2026","7","959.48","3","2","1"
"JL-15130","Jack Lebron","2026","6","1214.96","3","2","1"
"JP-15460","Jennifer Patt","2026","7","1669.13","3","2","1"
"JW-15955","Joni Wasserman","2026","7","1244.09","3","2","1"
"KA-16525","Kelly Andreada","2026","7","1519.51","3","2","1"
"KB-16600","Ken Brennan","2026","7","983.92","3","2","1"
"KE-16420","Katrina Edelman","2026","8","1686.73","3","2","1"
"LE-16810","Laurel Elliston","2026","6","1469.45","3","2","1"
"LS-17200","Luke Schmidt","2026","6","1010.26","3","2","1"
"LS-17245","Lynn Smith","2026","6","1008.14","3","2","1"
"MB-18085","Mick Brown","2026","7","1428.23","3","2","1"
"MC-17575","Matt Collins","2026","8","1303.89","3","2","1"
"MK-19560","Michael Knudson","2026","7","225.7","3","2","1"
"MO-17800","Meg O'Connel","2026","8","1687.03","3","2","1"
"MS-17980","Michael Stewart","2026","6","855.12","3","2","1"
"MV-18190","Mike Vittorini","2026","7","1734.57","3","2","1"
"NC-19470","Neil Cohen","2026","6","382.14","3","2","1"
"NK-18490","Neil Knudson","2026","7","572.05","3","2","1"
"PA-19060","Pete Armstrong","2026","6","729.41","3","2","1"
"PB-19150","Philip Brown","2026","8","1456.95","3","2","1"
"PJ-18835","Patrick Jones","2026","8","1220.09","3","2","1"
"PN-18775","Parhena Norris","2026","8","1467.15","3","2","1"
"PS-18970","Paul Stevenson","2026","8","1278.64","3","2","1"
"RC-19960","Ryan Crowe","2026","6","885.75","3","2","1"
"RD-19810","Ross DeVincentis","2026","8","1137.62","3","2","1"
"RF-19840","Roy Französisch","2026","8","945.22","3","2","1"
"RM-19375","Raymond Messe","2026","6","1453.47","3","2","1"
"SC-20680","Steve Carroll","2026","6","1254.64","3","2","1"
"SF-20065","Sandra Flanagan","2026","7","763.55","3","2","1"
"SJ-20215","Sarah Jordon","2026","6","1341.04","3","2","1"
"SP-20545","Sibella Parks","2026","6","1306.09","3","2","1"
"SS-20140","Saphhira Shifley","2026","8","1324.03","3","2","1"
"ST-20530","Shui Tom","2026","7","433.34","3","2","1"
"SW-20245","Scot Wooten","2026","7","1085.08","3","2","1"
"TB-21250","Tim Brockman","2026","7","1602.38","3","2","1"
"TC-21535","Tracy Collins","2026","7","742.56","3","2","1"
"TH-21235","Tiffany House","2026","8","1022.2","3","2","1"
"TT-21220","Thomas Thornton","2026","8","1427.04","3","2","1"
"VG-21790","Vivek Gonzalez","2026","6","846.01","3","2","1"
"EH-13990","Erica Hackney","2025","6","825.95","2","2","1"
"MS-17710","Maurice Satty","2025","6","1613.4","2","2","1"
"NP-18685","Nora Pelletier","2025","6","1228.7","2","2","1"
"RC-19825","Roy Collins","2025","6","966.41","2","2","1"
"SS-20590","Sonia Sunley","2025","6","418.49","2","2","1"
"AB-10150","Aimee Bixby","2026","5","966.71","3","1","1"
"AB-10600","Ann Blume","2026","4","1515.86","3","1","1"
"AC-10420","Alyssa Crouse","2026","3","925.8","3","1","1"
"AC-10660","Anna Chung","2026","5","657.32","3","1","1"
"AG-10300","Aleksandra Gannaway","2026","4","367.55","3","1","1"
"AG-10330","Alex Grayson","2026","5","660.97","3","1","1"
"AG-10390","Allen Goldenen","2026","5","200.94","3","1","1"
"AG-10765","Anthony Garverick","2026","4","170.58","3","1","1"
"AH-10195","Alan Haines","2026","4","1587.45","3","1","1"
"AH-10585","Angele Hood","2026","4","738.5","3","1","1"
"AJ-10960","Astrea Jones","2026","3","629.25","3","1","1"
"AM-10360","Alice McCarthy","2026","5","814.01","3","1","1"
"AR-10510","Andrew Roberts","2026","5","264.86","3","1","1"
"AS-10135","Adrian Shami","2026","2","58.82","3","1","1"
"AW-10840","Anthony Witt","2026","4","649.38","3","1","1"
"AY-10555","Andy Yotov","2026","4","497.01","3","1","1"
"BB-10990","Barry Blumstein","2026","5","744.34","3","1","1"
"BD-11560","Brendan Dodson","2026","2","320.54","3","1","1"
"BD-11635","Brian Derr","2026","3","582.65","3","1","1"
"BF-11005","Barry Franz","2026","4","1333.88","3","1","1"
"BF-11080","Bart Folk","2026","3","272.95","3","1","1"
"BF-11215","Benjamin Farhat","2026","4","1585.16","3","1","1"
"BF-11275","Beth Fritzler","2026","3","791.99","3","1","1"
"BG-18435","Bruce Galang","2026","5","609.88","3","1","1"
"BN-11470","Brad Norvell","2026","4","265.3","3","1","1"
"BN-11515","Bradley Nguyen","2026","5","1459.34","3","1","1"
"BO-11425","Bobby Odegard","2026","2","130.83","3","1","1"
"BP-11050","Barry Pond","2026","5","983.42","3","1","1"
"BP-11230","Benjamin Patterson","2026","5","1181.49","3","1","1"
"BS-11800","Bryan Spruell","2026","2","949.43","3","1","1"
"BV-11245","Benjamin Venier","2026","5","1523.27","3","1","1"
"BW-11065","Barry Weirich","2026","3","385.52","3","1","1"
"CA-12310","Christine Abelman","2026","4","1421.95","3","1","1"
"CC-12550","Clay Cheatham","2026","3","113.83","3","1","1"
"CD-11980","Carol Darley","2026","3","639.77","3","1","1"
"CD-12280","Christina DeMoss","2026","2","1205.58","3","1","1"
"CG-12520","Claire Gute","2026","3","1148.78","3","1","1"
"CL-11890","Carl Ludwig","2026","4","1262.01","3","1","1"
"CM-12115","Chad McGuire","2026","4","1661.61","3","1","1"
"CR-12730","Craig Reiter","2026","4","1600.55","3","1","1"
"CR-12820","Cyra Reiten","2026","3","1397.87","3","1","1"
"CS-11845","Cari Sayre","2026","5","1278.95","3","1","1"
"CS-12175","Charles Sheldon","2026","5","844.46","3","1","1"
"CS-12460","Chuck Sachs","2026","2","550.64","3","1","1"
"Customer ID","Customer Name","Date","1","0","3","1","1"
"DA-13450","Dianna Arnett","2026","4","156.76","3","1","1"
"DB-13360","Dennis Bolton","2026","5","1081.47","3","1","1"
"DC-13285","Debra Catini","2026","5","1174.62","3","1","1"
"DK-12985","Darren Koutras","2026","5","1687.04","3","1","1"
"DK-13150","David Kendrick","2026","2","797.83","3","1","1"
"DL-13330","Denise Leinenbach","2026","4","585.02","3","1","1"
"DV-13045","Darrin Van Huff","2026","5","1119.48","3","1","1"
"DW-13540","Don Weiss","2026","5","344.08","3","1","1"
"Dl-13600","Dorris liebe","2026","5","755.6","3","1","1"
"EB-13930","Eric Barreto","2026","5","944.6","3","1","1"
"EB-13975","Erica Bern","2026","4","1643.26","3","1","1"
"EC-14050","Erin Creighton","2026","5","461.91","3","1","1"
"EK-13795","Eileen Kiefer","2026","4","1303.48","3","1","1"
"EL-13735","Ed Ludwig","2026","2","124.28","3","1","1"
"EM-13960","Eric Murdock","2026","5","933.7","3","1","1"
"EM-14065","Erin Mull","2026","4","228.99","3","1","1"
"EM-14095","Eudokia Martin","2026","4","1041.04","3","1","1"
"EM-14200","Evan Minnotte","2026","3","366.82","3","1","1"
"FW-14395","Fred Wasserman","2026","3","79.75","3","1","1"
"GH-14665","Greg Hansen","2026","2","146.94","3","1","1"
"GT-14755","Guy Thornton","2026","4","226.44","3","1","1"
"HE-14800","Harold Engle","2026","4","883.53","3","1","1"
"HG-14845","Harry Greene","2026","5","785.63","3","1","1"
"HH-15010","Hilary Holden","2026","2","218.67","3","1","1"
"HJ-14875","Heather Jas","2026","5","358.1","3","1","1"
"HM-14980","Henry MacAllister","2026","4","736.28","3","1","1"
"HO-15230","Harry Olson","2026","2","6.05","3","1","1"
"HO-15231","Harry Olson","2026","2","620.24","3","1","1"
"HO-15232","Harry Olson","2026","2","140.93","3","1","1"
"HO-15233","Harry Olson","2026","2","39.36","3","1","1"
"HO-15234","Harry Olson","2026","2","281.34","3","1","1"
"HR-14770","Hallie Redmond","2026","5","1299.29","3","1","1"
"HZ-14950","Henia Zydlo","2026","5","886.52","3","1","1"
"IG-15085","Ivan Gibson","2026","4","744.57","3","1","1"
"JC-15340","Jasper Cacioppo","2026","4","71.26","3","1","1"
"JC-15385","Jenna Caffey","2026","1","1058.11","3","1","1"
"JC-16105","Julie Creighton","2026","5","858.58","3","1","1"
"JD-16060","Julia Dunbar","2026","3","695.44","3","1","1"
"JF-15295","Jason Fortune-","2026","5","955.12","3","1","1"
"JH-15430","Jennifer Halladay","2026","4","309.28","3","1","1"
"JK-15325","Jason Klamczynski","2026","3","383.81","3","1","1"
"JL-15175","James Lanier","2026","5","1571.52","3","1","1"
"JM-15580","Jill Matthias","2026","5","303.95","3","1","1"
"JM-15655","Jim Mitchum","2026","5","864.95","3","1","1"
"JO-15550","Jesus Ocampo","2026","5","1090.84","3","1","1"
"JP-11135","James Peterman","2026","5","515.2","3","1","1"
"JR-15700","Jocasta Rupert","2026","1","863.88","3","1","1"
"JS-13215","Jennifer Sheldon","2026","2","19.98","3","1","1"
"JS-15595","Jill Stevenson","2026","4","1417.65","3","1","1"
"JS-15685","Jim Sink","2026","4","1131.06","3","1","1"
"JT-12540","Jill Trafton","2026","2","144.59","3","1","1"
"KB-16405","Katrina Bavinger","2026","3","908.82","3","1","1"
"KC-16675","Kimberly Carter","2026","4","1146.05","3","1","1"
"KM-16660","Khloe Miller","2026","5","453.54","3","1","1"
"KS-16300","Karen Seio","2026","3","88.47","3","1","1"
"LB-16735","Larry Blacks","2026","3","50.19","3","1","1"
"LH-16750","Larry Hughes","2026","3","287.43","3","1","1"
"LH-17020","Lisa Hazard","2026","4","318.24","3","1","1"
"LO-17170","Lori Olson","2026","5","644.35","3","1","1"
"LP-17080","Liz Pelletier","2026","4","756.61","3","1","1"
"LT-16765","Larry Tron","2026","3","329.88","3","1","1"
"LW-17125","Liz Willingham","2026","3","1259.04","3","1","1"
"MC-17635","Matthew Clasen","2026","4","795.15","3","1","1"
"MD-17860","Michael Dominguez","2026","5","1204.91","3","1","1"
"ME-18010","Michelle Ellison","2026","4","1256.94","3","1","1"
"MG-17875","Michael Grace","2026","5","1242.83","3","1","1"
"MG-18205","Mitch Gastineau","2026","1","16.74","3","1","1"
"MH-17620","Matt Hagelstein","2026","4","1252.8","3","1","1"
"MK-18160","Mike Kennedy","2026","4","1031.6","3","1","1"
"ML-18040","Michelle Lonsdale","2026","3","742.08","3","1","1"
"ML-18265","Muhammed Lee","2026","2","162.23","3","1","1"
"MM-17260","Magdelene Morse","2026","4","1314.02","3","1","1"
"MO-17500","Mary O'Rourke","2026","4","922.49","3","1","1"
"MO-17950","Michael Oakman","2026","2","154.29","3","1","1"
"MR-17545","Mathew Reese","2026","4","639.18","3","1","1"
"MT-18070","Michelle Tran","2026","4","1319.45","3","1","1"
"MZ-17335","Maria Zettner","2026","4","593.61","3","1","1"
"NG-18430","Nathan Gelder","2026","5","1395.94","3","1","1"
"NL-18310","Nancy Lomonaco","2026","4","1418.09","3","1","1"
"PB-18805","Patrick Bzostek","2026","3","740.36","3","1","1"
"PB-19105","Peter Bühler","2026","4","688.32","3","1","1"
"PH-18790","Patricia Hirasaki","2026","1","729.65","3","1","1"
"PL-18925","Paul Lucas","2026","5","239.48","3","1","1"
"PO-19195","Phillina Ober","2026","5","1056.86","3","1","1"
"PT-19090","Pete Takahito","2026","4","160.57","3","1","1"
"RA-19945","Ryan Akin","2026","5","1686.92","3","1","1"
"RB-19330","Randy Bradley","2026","2","1008.2","3","1","1"
"RB-19570","Rob Beeghly","2026","5","528.55","3","1","1"
"RD-19930","Russell D'Ascenzo","2026","4","970.94","3","1","1"
"RE-19450","Richard Eichhorn","2026","5","876.7","3","1","1"
"RK-19300","Ralph Kennedy","2026","3","1460.19","3","1","1"
"RM-19750","Roland Murray","2026","1","98.35","3","1","1"
"RR-19315","Ralph Ritter","2026","2","615.93","3","1","1"
"RS-19870","Roy Skaria","2026","2","22.33","3","1","1"
"SB-20170","Sarah Bern","2026","3","1348.02","3","1","1"
"SC-20575","Sonia Cooley","2026","5","902.73","3","1","1"
"SC-20800","Stuart Calhoun","2026","4","279.26","3","1","1"
"SC-20845","Sung Chung","2026","2","280.63","3","1","1"
"SG-20890","Susan Gilcrest","2026","3","47.95","3","1","1"
"SJ-20500","Shirley Jackson","2026","5","1318.78","3","1","1"
"SK-19990","Sally Knutson","2026","3","883.41","3","1","1"
"SS-20875","Sung Shariari","2026","5","964.64","3","1","1"
"SV-20815","Stuart Van","2026","4","1271.09","3","1","1"
"SW-20350","Sean Wendt","2026","3","1019.04","3","1","1"
"TB-21055","Ted Butterfield","2026","5","1467.88","3","1","1"
"TB-21190","Thomas Brumley","2026","4","816.17","3","1","1"
"TB-21355","Todd Boyes","2026","5","834.33","3","1","1"
"TB-21595","Troy Blackwell","2026","5","1387.56","3","1","1"
"TC-21145","Theresa Coyne","2026","1","1038.26","3","1","1"
"TM-21490","Tony Molinari","2026","3","1094.68","3","1","1"
"TR-21325","Toby Ritter","2026","5","675.94","3","1","1"
"TS-21085","Thais Sissman","2026","2","4.83","3","1","1"
"TS-21340","Toby Swindell","2026","5","974.78","3","1","1"
"VF-21715","Vicky Freymann","2026","5","847.94","3","1","1"
"VG-21805","Vivek Grady","2026","5","427.37","3","1","1"
"VM-21835","Vivian Mathis","2026","5","380.69","3","1","1"
"VP-21730","Victor Preis","2026","3","993.9","3","1","1"
"VS-21820","Vivek Sundaresam","2026","4","1055.98","3","1","1"
"ZD-21925","Zuschuss Donatelli","2026","5","1493.94","3","1","1"
"AB-10015","Aaron Bergman","2025","3","886.16","2","1","1"
"AF-10885","Art Foster","2025","4","861.56","2","1","1"
"AO-10810","Anthony O'Donnell","2025","1","161.28","2","1","1"
"AR-10570","Anemone Ratner","2025","1","88.15","2","1","1"
"BT-11440","Bobby Trafton","2025","4","603.88","2","1","1"
"BT-11485","Brad Thomas","2025","2","415.2","2","1","1"
"CA-12055","Cathy Armstrong","2025","5","1679.72","2","1","1"
"CH-12070","Cathy Hwang","2025","3","1537.24","2","1","1"
"CJ-11875","Carl Jackson","2025","1","16.52","2","1","1"
"CM-11935","Carlos Meador","2025","2","565.39","2","1","1"
"CM-12445","Chuck Magee","2025","3","287.99","2","1","1"
"CR-12625","Corey Roper","2025","3","475.9","2","1","1"
"CS-12130","Chad Sievert","2025","4","884.64","2","1","1"
"CS-12490","Cindy Schnelling","2025","4","1077.23","2","1","1"
"Co-12640","Corey-Lock","2025","5","1300.08","2","1","1"
"DM-13525","Don Miller","2025","3","1376.79","2","1","1"
"ER-13855","Elpida Rittenbach","2025","3","1245.79","2","1","1"
"GH-14485","Gene Hale","2025","2","1361.24","2","1","1"
"JJ-15445","Jennifer Jackson","2025","5","709.18","2","1","1"
"JR-15670","Jim Radford","2025","2","1156.66","2","1","1"
"JS-15940","Joni Sundaresam","2025","5","469.17","2","1","1"
"JW-16075","Julia West","2025","4","1428.73","2","1","1"
"LD-16855","Lela Donovan","2025","1","5.3","2","1","1"
"LM-17065","Liz MacKendrick","2025","5","1346.77","2","1","1"
"MC-18130","Mike Caudle","2025","5","1582","2","1","1"
"MF-17665","Maureen Fritzler","2025","5","937.04","2","1","1"
"MG-17695","Maureen Gnade","2025","3","1342.28","2","1","1"
"MH-17440","Mark Haberlin","2025","4","400.02","2","1","1"
"MS-17530","MaryBeth Skach","2025","4","475.66","2","1","1"
"MS-17830","Melanie Seite","2025","4","370.35","2","1","1"
"NF-18475","Neil Französisch","2025","4","377.16","2","1","1"
"PB-19210","Phillip Breyer","2025","2","132.74","2","1","1"
"PK-18910","Paul Knutson","2025","2","1441.15","2","1","1"
"PM-18940","Paul MacIntyre","2025","3","1405.4","2","1","1"
"RB-19645","Robert Barroso","2025","5","221.08","2","1","1"
"RH-19555","Ritsa Hightower","2025","2","740.38","2","1","1"
"RP-19270","Rachel Payne","2025","4","954.65","2","1","1"
"SM-20005","Sally Matthias","2025","4","244.49","2","1","1"
"SM-20905","Susan MacKendrick","2025","1","1043.04","2","1","1"
"SS-20515","Shirley Schmidt","2025","3","613.4","2","1","1"
"SW-20755","Steven Ward","2025","2","758.7","2","1","1"
"TT-21265","Tim Taslimi","2025","3","439.5","2","1","1"
"AG-10525","Andy Gerbode","2024","4","1455.04","1","1","1"
"DH-13675","Duane Huffman","2024","4","1043.1","1","1","1"
"DP-13165","David Philippe","2024","2","1058.62","1","1","1"
"GP-14740","Guy Phonely","2024","2","236.53","1","1","1"
"GR-14560","Georgia Rosenberg","2023","2","1284.38","1","1","1"
"HD-14785","Harold Dahlen","2024","3","251.36","1","1","1"
"JB-15925","Joni Blumstein","2024","3","900.55","1","1","1"
"JJ-15760","Joel Jenkins","2024","2","195","1","1","1"
"KW-16570","Kelly Williams","2024","4","449.1","1","1","1"
"LS-17230","Lycoris Saunders","2024","3","368.88","1","1","1"
"NB-18580","Nicole Brennan","2023","2","273.87","1","1","1"
"PC-19000","Pauline Chand","2024","2","1061.49","1","1","1"
"RE-19405","Ricardo Emerson","2023","1","48.36","1","1","1"
"VT-21700","Valerie Takahito","2024","2","1736.6","1","1","1"
